code_element,page_type,page_name,rev_1,rev_2,rev_3,rev_4,rev_5,rev_6,rev_7,rev_8,rev_9,rev_10,rev_11,rev_12,rev_13,rev_14,rev_15,rev_16,rev_17,rev_18,rev_19,rev_20,rev_21,rev_22,rev_23,rev_24,rev_25,rev_26,rev_27,rev_28,rev_29,doc_link,source_link
API,repo,README.md,.,.,.,.,-,-,-,-,-,-,3,3,3,10,10,10,10,10,10,10,10,10,10,10,10,10,10,10,10,https://github.com/google/vogon/blob/f9eb45a24b8ea6fbcec6d24a336a878014de09df/README.md,https://github.com/google/vogon/blob/f9eb45a24b8ea6fbcec6d24a336a878014de09df/third_party/bottle/test/test_configdict.py#L54
AdWords,repo,README.md,.,.,.,.,-,3,3,3,3,3,3,3,3,5,5,5,5,5,5,5,5,5,5,5,-,-,-,-,-,https://github.com/google/vogon/blob/f9eb45a24b8ea6fbcec6d24a336a878014de09df/README.md,https://github.com/google/vogon/blob/ef2048c57d43fdfb1ac5af0ad7b4a23bf16cb1c4/vogon.py#L30
CSV,repo,README.md,.,.,.,.,-,-,-,-,-,-,8,8,8,9,9,9,9,9,10,10,10,10,10,10,-,-,-,-,-,https://github.com/google/vogon/blob/f9eb45a24b8ea6fbcec6d24a336a878014de09df/README.md,https://github.com/google/vogon/blob/ef2048c57d43fdfb1ac5af0ad7b4a23bf16cb1c4/vogon.py#L53
ID,repo,README.md,.,.,.,.,-,-,-,-,-,-,2,2,2,4,4,4,4,4,4,4,4,4,4,4,-,-,-,-,-,https://github.com/google/vogon/blob/f9eb45a24b8ea6fbcec6d24a336a878014de09df/README.md,https://github.com/google/vogon/blob/ef2048c57d43fdfb1ac5af0ad7b4a23bf16cb1c4/yt_upload.py#L51
JSON,repo,README.md,.,.,.,.,-,-,-,-,-,-,3,3,3,11,11,11,11,11,11,11,11,11,11,11,-,-,-,-,-,https://github.com/google/vogon/blob/f9eb45a24b8ea6fbcec6d24a336a878014de09df/README.md,https://github.com/google/vogon/blob/ef2048c57d43fdfb1ac5af0ad7b4a23bf16cb1c4/vogon.py#L52
RUNNING,repo,README.md,.,.,.,.,-,-,-,-,-,-,-,-,-,-,-,-,-,-,-,-,-,-,-,-,-,-,-,-,7,https://github.com/google/vogon/blob/f9eb45a24b8ea6fbcec6d24a336a878014de09df/README.md,https://github.com/google/vogon/blob/f9eb45a24b8ea6fbcec6d24a336a878014de09df/yt_api.py#L181
SERVER,repo,README.md,.,.,.,.,-,-,-,-,-,-,-,-,-,-,-,-,-,-,-,-,-,-,-,-,2,2,2,2,2,https://github.com/google/vogon/blob/f9eb45a24b8ea6fbcec6d24a336a878014de09df/README.md,https://github.com/google/vogon/blob/f9eb45a24b8ea6fbcec6d24a336a878014de09df/third_party/bottle/bottle.py#L30
YT,repo,README.md,.,.,.,.,-,-,-,-,-,-,-,-,-,-,-,-,-,-,-,-,-,-,-,-,7,7,7,7,7,https://github.com/google/vogon/blob/f9eb45a24b8ea6fbcec6d24a336a878014de09df/README.md,https://github.com/google/vogon/blob/f9eb45a24b8ea6fbcec6d24a336a878014de09df/yt_api.py#L195
YouTube,repo,README.md,.,.,.,.,-,-,-,-,-,-,12,12,12,12,12,12,12,12,12,12,13,13,13,13,23,16,16,16,16,https://github.com/google/vogon/blob/f9eb45a24b8ea6fbcec6d24a336a878014de09df/README.md,https://github.com/google/vogon/blob/f9eb45a24b8ea6fbcec6d24a336a878014de09df/vogon.py#L770
base_project,repo,README.md,.,.,.,.,-,-,-,-,-,-,-,-,-,-,-,-,-,-,-,-,-,-,-,-,1,1,1,1,1,https://github.com/google/vogon/blob/f9eb45a24b8ea6fbcec6d24a336a878014de09df/README.md,https://github.com/google/vogon/blob/f9eb45a24b8ea6fbcec6d24a336a878014de09df/server.py#L174
convert,repo,README.md,.,.,.,.,-,-,-,-,-,-,-,-,-,-,-,-,-,-,-,-,2,2,2,2,-,-,-,-,-,https://github.com/google/vogon/blob/f9eb45a24b8ea6fbcec6d24a336a878014de09df/README.md,https://github.com/google/vogon/blob/ef2048c57d43fdfb1ac5af0ad7b4a23bf16cb1c4/vogon.py#L240
oauth_2_client_secret,repo,README.md,.,.,.,.,-,-,-,-,-,-,-,-,-,-,-,-,-,-,-,-,-,-,-,-,1,1,1,1,1,https://github.com/google/vogon/blob/f9eb45a24b8ea6fbcec6d24a336a878014de09df/README.md,https://github.com/google/vogon/blob/f9eb45a24b8ea6fbcec6d24a336a878014de09df/server.py#L108
webserver_client_secret,repo,README.md,.,.,.,.,-,-,-,-,-,-,-,-,-,-,-,-,-,-,-,-,-,-,-,-,1,1,1,1,1,https://github.com/google/vogon/blob/f9eb45a24b8ea6fbcec6d24a336a878014de09df/README.md,https://github.com/google/vogon/blob/f9eb45a24b8ea6fbcec6d24a336a878014de09df/yt_api.py#L68
