code_element,page_type,page_name,rev_1,rev_2,rev_3,rev_4,rev_5,rev_6,rev_7,rev_8,rev_9,rev_10,rev_11,rev_12,rev_13,rev_14,rev_15,rev_16,rev_17,rev_18,rev_19,rev_20,rev_21,rev_22,doc_link,source_link
-F,repo,README.md,0,0,0,4,4,4,4,4,4,4,4,4,4,4,4,4,4,4,4,4,4,4,https://github.com/google/neper/blob/3618c461abb64b28a96161fe5a0ac9eed9fc7547/README.md,https://github.com/google/neper/blob/08543c5f3212fe420fc8bdd48a7bb3b8c1357302/control_plane.c#L177
-H,repo,README.md,0,0,0,0,0,0,0,0,0,0,0,0,0,0,0,0,0,0,0,0,0,1,https://github.com/google/neper/blob/3618c461abb64b28a96161fe5a0ac9eed9fc7547/README.md,https://github.com/google/neper/blob/08543c5f3212fe420fc8bdd48a7bb3b8c1357302/check_all_options.c#L113
-T,repo,README.md,0,0,0,4,4,4,4,4,4,4,4,4,4,4,4,4,4,4,4,4,4,4,https://github.com/google/neper/blob/3618c461abb64b28a96161fe5a0ac9eed9fc7547/README.md,https://github.com/google/neper/blob/08543c5f3212fe420fc8bdd48a7bb3b8c1357302/control_plane.c#L177
IP,repo,README.md,4,4,4,2,2,2,2,2,2,2,2,2,2,2,2,3,3,3,3,3,3,5,https://github.com/google/neper/blob/3618c461abb64b28a96161fe5a0ac9eed9fc7547/README.md,https://github.com/google/neper/blob/08543c5f3212fe420fc8bdd48a7bb3b8c1357302/stream.c#L64
PSP,repo,README.md,-,-,-,-,-,-,-,-,-,-,-,-,-,-,-,-,-,-,-,18,18,20,https://github.com/google/neper/blob/3618c461abb64b28a96161fe5a0ac9eed9fc7547/README.md,https://github.com/google/neper/blob/08543c5f3212fe420fc8bdd48a7bb3b8c1357302/psp_lib.h#L23
SO_REUSEPORT,repo,README.md,4,4,4,4,4,4,4,4,4,4,4,4,4,4,4,4,4,4,4,4,4,4,https://github.com/google/neper/blob/3618c461abb64b28a96161fe5a0ac9eed9fc7547/README.md,https://github.com/google/neper/blob/08543c5f3212fe420fc8bdd48a7bb3b8c1357302/common.c#L177
TCP,repo,README.md,0,0,0,3,3,3,3,3,3,3,3,3,3,3,3,3,3,3,3,3,3,3,https://github.com/google/neper/blob/3618c461abb64b28a96161fe5a0ac9eed9fc7547/README.md,https://github.com/google/neper/blob/08543c5f3212fe420fc8bdd48a7bb3b8c1357302/define_all_flags.c#L65
TCP_MAERTS,repo,README.md,0,0,0,1,1,1,1,1,1,1,1,1,1,1,1,1,1,1,1,1,1,1,https://github.com/google/neper/blob/3618c461abb64b28a96161fe5a0ac9eed9fc7547/README.md,https://github.com/google/neper/blob/08543c5f3212fe420fc8bdd48a7bb3b8c1357302/define_all_flags.c#L141
TCP_STREAM,repo,README.md,0,0,0,1,1,1,1,1,1,1,1,1,1,1,1,1,1,1,1,1,1,1,https://github.com/google/neper/blob/3618c461abb64b28a96161fe5a0ac9eed9fc7547/README.md,https://github.com/google/neper/blob/08543c5f3212fe420fc8bdd48a7bb3b8c1357302/define_all_flags.c#L135
UDP,repo,README.md,-,-,-,4,4,4,4,4,4,4,4,4,4,4,4,4,4,4,4,4,4,4,https://github.com/google/neper/blob/3618c461abb64b28a96161fe5a0ac9eed9fc7547/README.md,https://github.com/google/neper/blob/08543c5f3212fe420fc8bdd48a7bb3b8c1357302/rr.c#L57
all_samples,repo,README.md,11,11,11,6,6,6,6,6,6,6,6,6,6,6,6,6,6,6,6,6,6,6,https://github.com/google/neper/blob/3618c461abb64b28a96161fe5a0ac9eed9fc7547/README.md,https://github.com/google/neper/blob/08543c5f3212fe420fc8bdd48a7bb3b8c1357302/stream.c#L142
buffer_size,repo,README.md,21,21,21,14,14,14,14,14,14,14,14,14,14,14,14,14,14,14,14,14,14,14,https://github.com/google/neper/blob/3618c461abb64b28a96161fe5a0ac9eed9fc7547/README.md,https://github.com/google/neper/blob/08543c5f3212fe420fc8bdd48a7bb3b8c1357302/stream.c#L32
bytes_read,repo,README.md,11,11,11,1,1,1,1,1,1,1,1,1,1,1,1,2,2,2,2,2,2,2,https://github.com/google/neper/blob/3618c461abb64b28a96161fe5a0ac9eed9fc7547/README.md,https://github.com/google/neper/blob/08543c5f3212fe420fc8bdd48a7bb3b8c1357302/stream.c#L150
connect(),repo,README.md,1,1,1,2,2,2,2,2,2,2,2,2,2,2,2,2,2,2,2,2,2,2,https://github.com/google/neper/blob/3618c461abb64b28a96161fe5a0ac9eed9fc7547/README.md,https://github.com/google/neper/blob/08543c5f3212fe420fc8bdd48a7bb3b8c1357302/control_plane.c#L124
control_port,repo,README.md,5,5,5,4,4,4,4,4,4,4,4,4,4,4,4,4,4,4,4,4,4,4,https://github.com/google/neper/blob/3618c461abb64b28a96161fe5a0ac9eed9fc7547/README.md,https://github.com/google/neper/blob/08543c5f3212fe420fc8bdd48a7bb3b8c1357302/lib.h#L100
correlation_coefficient,repo,README.md,8,8,8,1,1,1,1,1,1,1,1,1,1,1,1,1,1,1,1,1,1,1,https://github.com/google/neper/blob/3618c461abb64b28a96161fe5a0ac9eed9fc7547/README.md,https://github.com/google/neper/blob/08543c5f3212fe420fc8bdd48a7bb3b8c1357302/stats.c#L170
dry_run,repo,README.md,4,4,4,3,3,3,3,3,3,3,3,3,3,3,3,3,3,3,3,3,3,3,https://github.com/google/neper/blob/3618c461abb64b28a96161fe5a0ac9eed9fc7547/README.md,https://github.com/google/neper/blob/08543c5f3212fe420fc8bdd48a7bb3b8c1357302/thread.c#L547
enable_read,repo,README.md,5,5,5,8,8,8,8,8,8,8,8,8,8,8,8,8,8,8,8,10,10,10,https://github.com/google/neper/blob/3618c461abb64b28a96161fe5a0ac9eed9fc7547/README.md,https://github.com/google/neper/blob/08543c5f3212fe420fc8bdd48a7bb3b8c1357302/udp_stream_main.c#L47
enable_write,repo,README.md,7,7,7,8,8,8,8,8,8,8,8,8,8,8,8,8,8,8,8,10,10,10,https://github.com/google/neper/blob/3618c461abb64b28a96161fe5a0ac9eed9fc7547/README.md,https://github.com/google/neper/blob/08543c5f3212fe420fc8bdd48a7bb3b8c1357302/udp_stream_main.c#L45
end_index,repo,README.md,13,13,13,0,0,0,0,0,0,0,0,0,0,0,0,0,0,0,0,0,0,0,https://github.com/google/neper/blob/3618c461abb64b28a96161fe5a0ac9eed9fc7547/README.md,https://github.com/google/neper/blob/7dbf9a224e2d471afc3ec0baa91db09901d7071b/tcp_stream.c#L265
flow_id,repo,README.md,33,33,33,8,8,8,8,8,8,8,8,8,8,8,8,8,8,8,8,8,8,8,https://github.com/google/neper/blob/3618c461abb64b28a96161fe5a0ac9eed9fc7547/README.md,https://github.com/google/neper/blob/08543c5f3212fe420fc8bdd48a7bb3b8c1357302/thread.h#L103
invalid_secret_count,repo,README.md,1,1,1,1,1,1,1,1,1,1,1,1,1,1,1,1,1,1,1,1,1,1,https://github.com/google/neper/blob/3618c461abb64b28a96161fe5a0ac9eed9fc7547/README.md,https://github.com/google/neper/blob/08543c5f3212fe420fc8bdd48a7bb3b8c1357302/thread.c#L579
key=value,repo,README.md,1,1,1,1,1,1,1,1,1,1,1,1,1,1,1,1,1,1,1,1,1,1,https://github.com/google/neper/blob/3618c461abb64b28a96161fe5a0ac9eed9fc7547/README.md,https://github.com/google/neper/blob/08543c5f3212fe420fc8bdd48a7bb3b8c1357302/lib.h#L29
latency_max,repo,README.md,2,2,2,2,2,2,2,2,2,2,2,2,2,2,2,2,2,2,2,2,2,2,https://github.com/google/neper/blob/3618c461abb64b28a96161fe5a0ac9eed9fc7547/README.md,https://github.com/google/neper/blob/08543c5f3212fe420fc8bdd48a7bb3b8c1357302/print.c#L48
latency_mean,repo,README.md,2,2,2,2,2,2,2,2,2,2,2,2,2,2,2,2,2,2,2,2,2,2,https://github.com/google/neper/blob/3618c461abb64b28a96161fe5a0ac9eed9fc7547/README.md,https://github.com/google/neper/blob/08543c5f3212fe420fc8bdd48a7bb3b8c1357302/print.c#L48
latency_min,repo,README.md,2,2,2,2,2,2,2,2,2,2,2,2,2,2,2,2,2,2,2,2,2,2,https://github.com/google/neper/blob/3618c461abb64b28a96161fe5a0ac9eed9fc7547/README.md,https://github.com/google/neper/blob/08543c5f3212fe420fc8bdd48a7bb3b8c1357302/print.c#L48
latency_p99,repo,README.md,0,0,0,2,2,2,2,2,2,2,2,2,2,2,2,2,2,2,2,2,2,2,https://github.com/google/neper/blob/3618c461abb64b28a96161fe5a0ac9eed9fc7547/README.md,https://github.com/google/neper/blob/08543c5f3212fe420fc8bdd48a7bb3b8c1357302/histo.c#L392
latency_stddev,repo,README.md,2,2,2,2,2,2,2,2,2,2,2,2,2,2,2,2,2,2,2,2,2,2,https://github.com/google/neper/blob/3618c461abb64b28a96161fe5a0ac9eed9fc7547/README.md,https://github.com/google/neper/blob/08543c5f3212fe420fc8bdd48a7bb3b8c1357302/print.c#L48
listen_backlog,repo,README.md,8,8,8,5,5,5,5,5,5,5,5,5,5,5,5,5,5,5,5,5,5,5,https://github.com/google/neper/blob/3618c461abb64b28a96161fe5a0ac9eed9fc7547/README.md,https://github.com/google/neper/blob/08543c5f3212fe420fc8bdd48a7bb3b8c1357302/socket.c#L259
local_host,repo,README.md,10,10,10,-,-,-,-,-,-,-,-,-,-,-,-,-,-,-,-,-,-,-,https://github.com/google/neper/blob/3618c461abb64b28a96161fe5a0ac9eed9fc7547/README.md,https://github.com/google/neper/blob/7dbf9a224e2d471afc3ec0baa91db09901d7071b/tcp_stream_main.c#L47
local_hosts,repo,README.md,-,-,-,10,10,11,11,11,11,11,11,11,11,11,11,15,15,15,15,15,15,16,https://github.com/google/neper/blob/3618c461abb64b28a96161fe5a0ac9eed9fc7547/README.md,https://github.com/google/neper/blob/08543c5f3212fe420fc8bdd48a7bb3b8c1357302/thread.h#L83
majflt_end,repo,README.md,1,1,1,1,1,1,1,1,1,1,1,1,1,1,1,1,1,1,1,1,1,1,https://github.com/google/neper/blob/3618c461abb64b28a96161fe5a0ac9eed9fc7547/README.md,https://github.com/google/neper/blob/08543c5f3212fe420fc8bdd48a7bb3b8c1357302/thread.c#L599
majflt_start,repo,README.md,1,1,1,1,1,1,1,1,1,1,1,1,1,1,1,1,1,1,1,1,1,1,https://github.com/google/neper/blob/3618c461abb64b28a96161fe5a0ac9eed9fc7547/README.md,https://github.com/google/neper/blob/08543c5f3212fe420fc8bdd48a7bb3b8c1357302/thread.c#L598
max_pacing_rate,repo,README.md,11,11,11,13,13,13,13,13,13,13,13,13,13,13,13,13,13,13,13,13,13,13,https://github.com/google/neper/blob/3618c461abb64b28a96161fe5a0ac9eed9fc7547/README.md,https://github.com/google/neper/blob/08543c5f3212fe420fc8bdd48a7bb3b8c1357302/socket.c#L48
maxrss_end,repo,README.md,1,1,1,1,1,1,1,1,1,1,1,1,1,1,1,1,1,1,1,1,1,1,https://github.com/google/neper/blob/3618c461abb64b28a96161fe5a0ac9eed9fc7547/README.md,https://github.com/google/neper/blob/08543c5f3212fe420fc8bdd48a7bb3b8c1357302/thread.c#L595
maxrss_start,repo,README.md,1,1,1,1,1,1,1,1,1,1,1,1,1,1,1,1,1,1,1,1,1,1,https://github.com/google/neper/blob/3618c461abb64b28a96161fe5a0ac9eed9fc7547/README.md,https://github.com/google/neper/blob/08543c5f3212fe420fc8bdd48a7bb3b8c1357302/thread.c#L594
min_rto,repo,README.md,18,18,18,11,11,11,11,11,11,11,11,11,11,11,11,-,-,-,-,-,-,-,https://github.com/google/neper/blob/3618c461abb64b28a96161fe5a0ac9eed9fc7547/README.md,https://github.com/google/neper/blob/81205f6d13307a5d79dcc6a5915ae9d749d981eb/socket.c#L52
minflt_end,repo,README.md,1,1,1,1,1,1,1,1,1,1,1,1,1,1,1,1,1,1,1,1,1,1,https://github.com/google/neper/blob/3618c461abb64b28a96161fe5a0ac9eed9fc7547/README.md,https://github.com/google/neper/blob/08543c5f3212fe420fc8bdd48a7bb3b8c1357302/thread.c#L597
minflt_start,repo,README.md,1,1,1,1,1,1,1,1,1,1,1,1,1,1,1,1,1,1,1,1,1,1,https://github.com/google/neper/blob/3618c461abb64b28a96161fe5a0ac9eed9fc7547/README.md,https://github.com/google/neper/blob/08543c5f3212fe420fc8bdd48a7bb3b8c1357302/thread.c#L596
nivcsw_end,repo,README.md,1,1,1,1,1,1,1,1,1,1,1,1,1,1,1,1,1,1,1,1,1,1,https://github.com/google/neper/blob/3618c461abb64b28a96161fe5a0ac9eed9fc7547/README.md,https://github.com/google/neper/blob/08543c5f3212fe420fc8bdd48a7bb3b8c1357302/thread.c#L603
nivcsw_start,repo,README.md,1,1,1,1,1,1,1,1,1,1,1,1,1,1,1,1,1,1,1,1,1,1,https://github.com/google/neper/blob/3618c461abb64b28a96161fe5a0ac9eed9fc7547/README.md,https://github.com/google/neper/blob/08543c5f3212fe420fc8bdd48a7bb3b8c1357302/thread.c#L602
num_flows,repo,README.md,12,12,12,25,25,25,25,25,25,25,25,25,25,25,25,25,25,25,25,25,25,25,https://github.com/google/neper/blob/3618c461abb64b28a96161fe5a0ac9eed9fc7547/README.md,https://github.com/google/neper/blob/08543c5f3212fe420fc8bdd48a7bb3b8c1357302/thread.c#L180
num_ports,repo,README.md,-,-,-,6,6,6,6,6,6,6,6,6,6,6,6,6,6,6,6,6,6,6,https://github.com/google/neper/blob/3618c461abb64b28a96161fe5a0ac9eed9fc7547/README.md,https://github.com/google/neper/blob/08543c5f3212fe420fc8bdd48a7bb3b8c1357302/socket.c#L255
num_samples,repo,README.md,24,24,24,1,1,1,1,1,1,1,1,1,1,1,1,1,1,1,1,1,1,1,https://github.com/google/neper/blob/3618c461abb64b28a96161fe5a0ac9eed9fc7547/README.md,https://github.com/google/neper/blob/08543c5f3212fe420fc8bdd48a7bb3b8c1357302/thread.c#L199
num_threads,repo,README.md,34,34,34,46,46,46,46,46,46,46,46,46,46,46,46,46,46,46,46,46,46,46,https://github.com/google/neper/blob/3618c461abb64b28a96161fe5a0ac9eed9fc7547/README.md,https://github.com/google/neper/blob/08543c5f3212fe420fc8bdd48a7bb3b8c1357302/thread.c#L151
num_transactions,repo,README.md,1,1,1,1,1,1,1,1,1,1,1,1,1,1,1,1,1,1,1,1,1,1,https://github.com/google/neper/blob/3618c461abb64b28a96161fe5a0ac9eed9fc7547/README.md,https://github.com/google/neper/blob/08543c5f3212fe420fc8bdd48a7bb3b8c1357302/rr.c#L501
nvcsw_end,repo,README.md,1,1,1,1,1,1,1,1,1,1,1,1,1,1,1,1,1,1,1,1,1,1,https://github.com/google/neper/blob/3618c461abb64b28a96161fe5a0ac9eed9fc7547/README.md,https://github.com/google/neper/blob/08543c5f3212fe420fc8bdd48a7bb3b8c1357302/thread.c#L601
nvcsw_start,repo,README.md,1,1,1,1,1,1,1,1,1,1,1,1,1,1,1,1,1,1,1,1,1,1,https://github.com/google/neper/blob/3618c461abb64b28a96161fe5a0ac9eed9fc7547/README.md,https://github.com/google/neper/blob/08543c5f3212fe420fc8bdd48a7bb3b8c1357302/thread.c#L600
pin_cpu,repo,README.md,5,5,5,3,3,3,3,3,3,3,3,3,3,3,3,3,3,3,3,3,3,3,https://github.com/google/neper/blob/3618c461abb64b28a96161fe5a0ac9eed9fc7547/README.md,https://github.com/google/neper/blob/08543c5f3212fe420fc8bdd48a7bb3b8c1357302/thread.c#L402
psp_crr,repo,README.md,-,-,-,-,-,-,-,-,-,-,-,-,-,-,-,-,-,-,-,-,11,11,https://github.com/google/neper/blob/3618c461abb64b28a96161fe5a0ac9eed9fc7547/README.md,https://github.com/google/neper/blob/08543c5f3212fe420fc8bdd48a7bb3b8c1357302/psp_crr_main.c#L65
psp_rr,repo,README.md,-,-,-,-,-,-,-,-,-,-,-,-,-,-,-,-,-,-,-,-,11,11,https://github.com/google/neper/blob/3618c461abb64b28a96161fe5a0ac9eed9fc7547/README.md,https://github.com/google/neper/blob/08543c5f3212fe420fc8bdd48a7bb3b8c1357302/psp_rr_main.c#L26
psp_stream,repo,README.md,-,-,-,-,-,-,-,-,-,-,-,-,-,-,-,-,-,-,-,11,11,11,https://github.com/google/neper/blob/3618c461abb64b28a96161fe5a0ac9eed9fc7547/README.md,https://github.com/google/neper/blob/08543c5f3212fe420fc8bdd48a7bb3b8c1357302/psp_stream_main.c#L25
request_size,repo,README.md,9,9,9,8,8,8,8,8,8,8,8,8,8,8,8,8,8,8,8,8,8,8,https://github.com/google/neper/blob/3618c461abb64b28a96161fe5a0ac9eed9fc7547/README.md,https://github.com/google/neper/blob/08543c5f3212fe420fc8bdd48a7bb3b8c1357302/rr.c#L115
response_size,repo,README.md,7,7,7,6,6,6,6,6,6,6,6,6,6,6,6,6,6,6,6,6,6,6,https://github.com/google/neper/blob/3618c461abb64b28a96161fe5a0ac9eed9fc7547/README.md,https://github.com/google/neper/blob/08543c5f3212fe420fc8bdd48a7bb3b8c1357302/rr.c#L115
samples.csv,repo,README.md,1,1,1,1,1,1,1,1,1,1,1,1,1,1,1,1,1,1,1,1,1,1,https://github.com/google/neper/blob/3618c461abb64b28a96161fe5a0ac9eed9fc7547/README.md,https://github.com/google/neper/blob/08543c5f3212fe420fc8bdd48a7bb3b8c1357302/parse.c#L25
start_index,repo,README.md,21,21,21,0,0,0,0,0,0,0,0,0,0,0,0,0,0,0,0,0,0,0,https://github.com/google/neper/blob/3618c461abb64b28a96161fe5a0ac9eed9fc7547/README.md,https://github.com/google/neper/blob/7dbf9a224e2d471afc3ec0baa91db09901d7071b/tcp_stream.c#L265
stime_end,repo,README.md,1,1,1,1,1,1,1,1,1,1,1,1,1,1,1,1,1,1,1,1,1,1,https://github.com/google/neper/blob/3618c461abb64b28a96161fe5a0ac9eed9fc7547/README.md,https://github.com/google/neper/blob/08543c5f3212fe420fc8bdd48a7bb3b8c1357302/thread.c#L592
stime_start,repo,README.md,1,1,1,1,1,1,1,1,1,1,1,1,1,1,1,1,1,1,1,1,1,1,https://github.com/google/neper/blob/3618c461abb64b28a96161fe5a0ac9eed9fc7547/README.md,https://github.com/google/neper/blob/08543c5f3212fe420fc8bdd48a7bb3b8c1357302/thread.c#L590
tcp_crr,repo,README.md,-,-,-,9,9,9,9,9,9,9,9,9,9,9,11,12,12,12,12,12,12,12,https://github.com/google/neper/blob/3618c461abb64b28a96161fe5a0ac9eed9fc7547/README.md,https://github.com/google/neper/blob/08543c5f3212fe420fc8bdd48a7bb3b8c1357302/tcp_crr_main.c#L64
tcp_rr,repo,README.md,11,11,11,14,14,14,14,14,14,14,14,14,14,14,14,14,14,14,14,14,14,14,https://github.com/google/neper/blob/3618c461abb64b28a96161fe5a0ac9eed9fc7547/README.md,https://github.com/google/neper/blob/08543c5f3212fe420fc8bdd48a7bb3b8c1357302/thread.h#L37
tcp_stream,repo,README.md,11,11,11,12,12,12,12,12,12,12,12,12,12,12,12,12,12,12,12,12,12,12,https://github.com/google/neper/blob/3618c461abb64b28a96161fe5a0ac9eed9fc7547/README.md,https://github.com/google/neper/blob/08543c5f3212fe420fc8bdd48a7bb3b8c1357302/tcp_stream_main.c#L25
test_length,repo,README.md,7,7,7,30,30,30,30,30,30,30,30,30,30,30,30,30,30,30,30,31,33,33,https://github.com/google/neper/blob/3618c461abb64b28a96161fe5a0ac9eed9fc7547/README.md,https://github.com/google/neper/blob/08543c5f3212fe420fc8bdd48a7bb3b8c1357302/udp_stream_main.c#L61
throughput_opt,repo,README.md,-,-,-,5,5,5,5,5,5,5,5,5,5,5,5,5,5,5,5,5,5,5,https://github.com/google/neper/blob/3618c461abb64b28a96161fe5a0ac9eed9fc7547/README.md,https://github.com/google/neper/blob/08543c5f3212fe420fc8bdd48a7bb3b8c1357302/stream.c#L158
throughput_units,repo,README.md,-,-,-,1,1,1,1,1,1,1,1,1,1,1,1,1,1,1,1,1,1,1,https://github.com/google/neper/blob/3618c461abb64b28a96161fe5a0ac9eed9fc7547/README.md,https://github.com/google/neper/blob/08543c5f3212fe420fc8bdd48a7bb3b8c1357302/stream.c#L168
time_end,repo,README.md,2,2,2,1,1,1,1,1,1,1,1,1,1,1,1,1,1,1,1,1,1,1,https://github.com/google/neper/blob/3618c461abb64b28a96161fe5a0ac9eed9fc7547/README.md,https://github.com/google/neper/blob/08543c5f3212fe420fc8bdd48a7bb3b8c1357302/stats.c#L169
time_start,repo,README.md,15,15,15,13,13,14,14,14,14,14,14,14,14,14,14,14,14,14,14,14,14,14,https://github.com/google/neper/blob/3618c461abb64b28a96161fe5a0ac9eed9fc7547/README.md,https://github.com/google/neper/blob/08543c5f3212fe420fc8bdd48a7bb3b8c1357302/thread.h#L95
total_run_time,repo,README.md,1,1,1,1,1,1,1,1,1,1,1,1,1,1,1,1,1,1,1,1,1,1,https://github.com/google/neper/blob/3618c461abb64b28a96161fe5a0ac9eed9fc7547/README.md,https://github.com/google/neper/blob/08543c5f3212fe420fc8bdd48a7bb3b8c1357302/thread.c#L540
udp_rr,repo,README.md,-,-,-,10,10,10,10,10,10,10,10,10,10,10,10,11,11,11,11,11,11,11,https://github.com/google/neper/blob/3618c461abb64b28a96161fe5a0ac9eed9fc7547/README.md,https://github.com/google/neper/blob/08543c5f3212fe420fc8bdd48a7bb3b8c1357302/udp_rr_main.c#L27
udp_stream,repo,README.md,-,-,-,10,10,10,10,10,10,10,10,10,10,10,10,11,11,11,11,11,11,11,https://github.com/google/neper/blob/3618c461abb64b28a96161fe5a0ac9eed9fc7547/README.md,https://github.com/google/neper/blob/08543c5f3212fe420fc8bdd48a7bb3b8c1357302/udp_stream_main.c#L25
utime_end,repo,README.md,1,1,1,1,1,1,1,1,1,1,1,1,1,1,1,1,1,1,1,1,1,1,https://github.com/google/neper/blob/3618c461abb64b28a96161fe5a0ac9eed9fc7547/README.md,https://github.com/google/neper/blob/08543c5f3212fe420fc8bdd48a7bb3b8c1357302/thread.c#L588
utime_start,repo,README.md,1,1,1,1,1,1,1,1,1,1,1,1,1,1,1,1,1,1,1,1,1,1,https://github.com/google/neper/blob/3618c461abb64b28a96161fe5a0ac9eed9fc7547/README.md,https://github.com/google/neper/blob/08543c5f3212fe420fc8bdd48a7bb3b8c1357302/thread.c#L586
